0.0005600000000000008,0.0001,0.0005600000000000008,0.0006000000000000009,126,126,-164484500.68648845,-164142481.88032463,-164091668.36623436,-161644944.49307913,-288626878.6195055,226547257.9296907,253768312.0951345,-285408697.31352735
0.0005600000000000008,0.0001,0.0005600000000000008,0.0006000000000000009,126,126,-164172819.92522487,-164132294.13402542,-163780399.031594,-161334894.16895226,-287822752.7628165,225915370.03966454,253059896.34558907,-284613545.7989902
0.0005700000000000008,0.00009,0.0005700000000000008,0.000610000000000001,125,125,-165130414.87668383,-187464173.39588645,-164707377.54331967,-162421258.9082466,-289050710.40287,226882598.40267867,254149941.60864937,-285827749.9506135
0.0005700000000000008,0.00009,0.0005700000000000008,0.000610000000000001,125,125,-164824983.8436789,-187565498.7214754,-164402440.05872756,-162116056.7513435,-288232315.2787199,226239474.5273171,253428875.8845715,-285018488.8892506
0.0005700000000000008,0.00009,0.0005700000000000008,0.000610000000000001,125,125,-164460324.37513867,-187394820.09880608,-164038327.22256303,-161754537.1082273,-287408907.11150515,225592419.68558627,252703409.78476897,-284204270.6371891
0.0005700000000000008,0.00009,0.0005500000000000008,0.0005900000000000009,125,125,-164617289.7586987,-190573582.34596533,-165442399.06092694,-162696414.15902627,-286525381.6747989,225118149.04329735,252368287.47855073,-283327971.65398896
0.0005400000000000008,0.0001,0.0005400000000000008,0.0005800000000000009,124,124,-166027408.49913287,-165362180.3583218,-165639337.64111608,-162722281.72344518,-288498421.5558832,226439862.1285766,253641482.2618253,-285281755.07423526
0.0005700000000000008,0.00009,0.0005500000000000008,0.000610000000000001,123,123,-165147737.42145473,-185475073.7460681,-165943954.8882386,-158166070.2379295,-289303465.81609017,227305065.17786962,254826643.4612885,-286074986.3639125
0.0005500000000000008,0.00009,0.0005500000000000008,0.000610000000000001,123,123,-166226456.918083,-187129559.4727588,-165809905.1476175,-158008668.80970168,-288857547.4439502,226728121.46318713,253974542.99699503,-285636773.81974995
0.0005500000000000008,0.00009,0.0005500000000000008,0.000610000000000001,123,123,-165575698.6057269,-185710366.6131011,-165159913.00226665,-157396282.84729868,-287997312.1631924,226052151.49381787,253216675.87066236,-284786139.2041651
0.0005600000000000008,0.00008,0.0005600000000000008,0.0006000000000000009,122,122,-166252173.14666477,-213318241.5932495,-165802972.80236804,-163277553.0953074,-289256157.4157572,227039714.4361232,254325112.44764557,-286030938.67362535
0.0005600000000000008,0.00008,0.0005400000000000008,0.0005800000000000009,122,122,-166076668.58129853,-215142941.8759082,-166917072.78177154,-163925458.33081087,-288326610.30306363,226526309.32280773,253949322.0228908,-285109132.3110955
0.0005400000000000008,0.00008,0.0005400000000000008,0.0005800000000000009,122,122,-167025228.90195474,-215968471.92084968,-166582783.20359996,-163574526.2665781,-287850527.62737477,225931131.25976345,253077690.90444916,-284641050.29272276
0.0005300000000000007,0.00009,0.0005300000000000007,0.0005900000000000009,121,121,-166340995.584218,-180556539.17770362,-165929442.90780896,-157566663.76666048,-289413464.1576331,227158546.9951517,254450597.7819797,-286186567.6867264
0.0005300000000000007,0.00009,0.0005300000000000007,0.0005700000000000008,121,121,-165279935.6665121,-177109460.99876955,-164866734.19211125,-161789078.4171427,-288540943.39726263,226469264.50693744,253673592.30270746,-285323834.12528735
0.0005400000000000008,0.00008,0.0005200000000000007,0.0005600000000000008,120,120,-166461032.320066,-207280547.39498073,-167346185.55307585,-163937435.97761503,-289739338.0450852,227628739.19394967,255176007.42476887,-286506199.8507976
0.0005200000000000007,0.00008,0.0005200000000000007,0.0005600000000000008,120,120,-167304802.30573004,-207469242.35162005,-166866247.0896512,-163448921.43331078,-289231595.4758256,227010027.80310082,254280802.7174451,-286006785.59823126
0.0005000000000000007,0.00008,0.0005000000000000007,0.0005600000000000008,120,120,-169071561.58769336,-212910612.98982474,-168642944.8141273,-159040005.50441423,-288638228.4290085,226543513.7353176,253757653.5850647,-285420043.16435766
0.0005000000000000007,0.00008,0.0005000000000000007,0.0005400000000000008,120,120,-167801384.50053188,-208249208.7637176,-167371422.08927983,-163417465.06061634,-287743093.16649735,225836610.67573455,252960989.98627362,-284534945.91425467
0.0005100000000000007,0.00009,0.0004900000000000006,0.0005300000000000007,119,119,-164900168.70510054,-169772403.68021318,-165862904.98237643,-161837507.1419605,-288945383.8015938,226992734.99711192,254438278.3106011,-285721334.0215296
0.0004900000000000006,0.00009,0.0004700000000000006,0.0005300000000000007,119,119,-166646580.00828347,-174905911.59118986,-167763873.0481992,-157225358.17723224,-288332815.79806054,226509327.64917067,253894924.06146383,-285115624.4655732
0.0004700000000000006,0.00009,0.0004700000000000006,0.0005100000000000007,119,119,-167313218.19254792,-173460290.90322956,-166925795.36001763,-162253383.61943942,-287802941.9417773,225875563.6271236,252993374.4829577,-284594247.6743386
0.0004800000000000006,0.00008,0.00046000000000000056,0.0005000000000000007,118,118,-167915923.0535528,-200002062.5968994,-169085431.48608756,-164025740.59523335,-289016527.0255682,227039868.4023932,254489048.72172815,-285791753.9491118
0.0005000000000000007,0.00008,0.0005000000000000007,0.0005400000000000008,118,118,-163265094.71275303,-183912867.48785824,-162835820.3846726,-159177311.81557095,-287799956.92278594,225879224.6061672,253006942.9615303,-284591199.6677926
0.0005100000000000007,0.00007000000000000001,0.0005100000000000007,0.0005300000000000007,117,117,-163517981.41409132,-212817982.41565388,-163053009.48455876,-165343619.19685557,-289099503.67052025,226898638.08389372,254150839.02619836,-285876248.7525485
0.0004900000000000006,0.00007000000000000001,0.0004900000000000006,0.0005300000000000007,117,117,-164763043.65443277,-216526697.48006755,-164307531.5917249,-160308061.17392218,-288458784.69073343,226394983.83349386,253586078.3790116,-285242682.23068345
0.00046000000000000056,0.00008,0.00046000000000000056,0.0005000000000000007,118,118,-164413925.78105938,-184704767.69005972,-164003825.4946983,-159187903.0151336,-285613035.2646024,224153680.43711793,251064386.27340472,-282428779.5525149
0.0004800000000000006,0.00008,0.00046000000000000056,0.0005000000000000007,116,116,-162337502.36999395,-171575467.1841636,-163298222.2453004,-158648016.9457183,-289070392.37034833,227075429.4710775,254523059.5373089,-285845098.0228833
0.00046000000000000056,0.00008,0.00046000000000000056,0.0005000000000000007,116,116,-162713789.59426314,-169548864.16173092,-162300813.64078903,-157679870.828191,-288481804.3490561,226405173.34005058,253586213.6735218,-285265564.7350526
0.0004400000000000005,0.00008,0.0004400000000000005,0.0004800000000000006,116,116,-163937250.62112084,-171761281.53415346,-163534689.0407507,-158236391.69249898,-287835463.7110073,225893717.80987927,253008815.9908687,-284626484.9694812
0.00045000000000000053,0.00007000000000000001,0.0004300000000000005,0.0004700000000000006,115,115,-164371465.5144505,-200837589.91402707,-165521135.565975,-159806274.3771333,-289091226.0521239,227082947.6915101,254529584.1817928,-285865769.4288115
0.0004300000000000005,0.00007000000000000001,0.0004100000000000004,0.00045000000000000053,115,115,-165510839.69182837,-202240619.4638545,-166821787.57812136,-160329811.20574474,-288435631.9854877,226562569.64093512,253938530.5800511,-285217572.23592067
0.0004100000000000004,0.00007000000000000001,0.0004100000000000004,0.00045000000000000053,115,115,-165933492.63241744,-198599886.62791094,-165513206.45381865,-159084622.84163937,-287823459.1070689,225878928.1769581,252989027.53652063,-284614669.0726202
0.0004000000000000004,0.00008,0.0004000000000000004,0.0004400000000000005,114,114,-164224668.20719102,-158665795.7666366,-163843942.0024891,-157263049.11566588,-289460937.3384287,227161094.2210654,254419380.89214048,-286233945.1260302
0.0004400000000000005,0.00006000000000000001,0.0004400000000000005,0.00046000000000000056,114,114,-160563071.1719263,-212517664.91289997,-160095623.68791008,-161403825.70226452,-287874051.0957182,225920935.76532072,253041379.89447317,-284664650.1573092
0.0004300000000000005,0.00007000000000000001,0.0004300000000000005,0.0004700000000000006,113,113,-158288968.4676636,-161304748.3617027,-157858950.69060317,-152709056.01391283,-289509899.0844382,227205267.7969289,254477943.3047268,-286282268.7162927
0.0004100000000000004,0.00007000000000000001,0.0004100000000000004,0.00045000000000000053,113,113,-158967175.32960245,-161277252.35975686,-158547954.91061667,-152701115.59509066,-288831647.8445865,226668892.90685925,253872704.88445795,-285611632.86861825
0.00039000000000000037,0.00007000000000000001,0.00039000000000000037,0.0004300000000000005,113,113,-159745679.88860568,-161143207.11227283,-159338431.51106748,-152723204.11934292,-288148366.22827893,226128638.84004876,253263206.7344987,-284936021.7635048
0.0003700000000000003,0.00007000000000000001,0.0003700000000000003,0.0004100000000000004,113,113,-160642600.01571476,-160902050.1718061,-160248670.38025096,-152781483.4461968,-287460318.64990765,225584713.20445472,252649683.92955753,-284255696.8516871
0.0003600000000000003,0.00006000000000000001,0.0003600000000000003,0.0004000000000000004,112,112,-162906497.12379715,-193380482.15316385,-162478107.7535205,-154424481.00223503,-289129558.686486,226894030.61029863,254117818.11233637,-285906321.9476481
0.00034000000000000024,0.00006000000000000001,0.00034000000000000024,0.00038000000000000035,112,112,-163852074.8969939,-191648205.99439624,-163437346.05879277,-154385776.7732259,-288431342.2406878,226342176.7487237,253495403.57237458,-285215941.26039386
0.00034000000000000024,0.00006000000000000001,0.0003200000000000002,0.0003600000000000003,112,112,-161949237.39479515,-185225206.38969725,-163705861.781939,-153634868.57994205,-287384650.82836217,225707913.93032432,252951017.13195148,-284178686.66215444
0.0003700000000000003,0.00005000000000000001,0.0003700000000000003,0.00039000000000000037,111,111,-156326994.16177446,-198765225.78578687,-155856224.41296658,-155995599.3303259,-288541604.7950019,226430966.26934257,253600027.44825333,-285324928.72991866
0.00035000000000000027,0.00005000000000000001,0.00035000000000000027,0.00039000000000000037,111,111,-156677056.52581736,-195212425.14009628,-156219374.17333537,-148270075.31584603,-287821988.2025092,225865594.14760554,252966263.69461027,-284613342.1285631
0.00035000000000000027,0.00005000000000000001,0.0003300000000000002,0.0003700000000000003,111,111,-154390545.81732428,-184756067.03412148,-155656695.5134057,-146866766.86617175,-286775901.1707835,225226729.41757616,252422411.45906475,-283576685.050863
0.00031000000000000016,0.00005000000000000001,0.00031000000000000016,0.00035000000000000027,111,111,-157009758.05108288,-183465383.34832218,-156578055.58666283,-146667482.3659727,-286409764.8065314,224749802.43894035,251708084.64345595,-283216963.14416504
0.0002900000000000001,0.00005000000000000001,0.00027000000000000006,0.00031000000000000016,111,111,-158484540.27333373,-184210936.3208615,-160541127.25723946,-147777929.1685502,-285653582.2970501,224332476.67248955,251398232.26787013,-282467102.4031484
0.00027000000000000006,0.00005000000000000001,0.00027000000000000006,0.00031000000000000016,111,111,-157655063.3680864,-170905869.79955488,-157256817.00994307,-144857427.5006196,-284987214.2864895,223626189.86803952,250441514.39788106,-281810368.08909005
0.00025,0.00005000000000000001,0.00025,0.0002900000000000001,109,109,-159578722.1897971,-160127154.84255224,-159194703.75799623,-145223439.8745902,-289423115.4098999,227104106.10191336,254333091.59810144,-286196860.0586464
0.0002800000000000001,0.00004000000000000001,0.0002800000000000001,0.00030000000000000014,110,110,-150541701.2169946,-175608831.74325132,-150085671.08165425,-147954146.79421532,-285424105.2212645,223968061.69557843,250825671.89844468,-282242387.49324554
0.00021,0.00005000000000000001,0.00021,0.00025,109,109,-161041853.64589745,-146953604.78618413,-160711097.2754892,-142884946.48709348,-287975384.1364434,225960898.66315967,253044905.62707046,-284765361.899919
0.0002,0.000040000000000000024,0.00018,0.00022,108,108,-164107511.9774542,-188288652.56243834,-168026656.34796348,-145394235.72577825,-289700002.6879741,227493091.79726952,254918145.0771255,-286468630.0582539
0.00016,0.000040000000000000024,0.00016,0.0002,108,108,-172080363.96091965,-185301246.36385924,-171762424.9551957,-145266382.22882307,-289295786.00732297,226989650.81699744,254190878.08192757,-286071130.2219113
0.00014000000000000001,0.000040000000000000024,0.00014000000000000001,0.00016,108,108,-174355016.0614148,-172887001.30835557,-174084600.6977592,-160156411.0153194,-288580511.7626955,226421941.14849502,253548022.85768458,-285363914.2803647
0.00012000000000000002,0.000040000000000000024,0.00012000000000000002,0.00012000000000000002,108,108,-177502184.96409452,-160080735.7733904,-177295310.0811932,-185118656.40341035,-287864729.26567066,225853942.5081041,252905358.19138563,-284656191.9611943
0.00011000000000000002,0.000030000000000000024,0.00011000000000000002,0.00011000000000000002,107,107,-177820686.21896595,-195434118.86492494,-177528851.95636335,-185371827.260166,-289666796.2664627,227267292.54599357,254488854.36806378,-286438171.47053117
0.00009000000000000002,0.000030000000000000024,0.00009000000000000002,0.00011000000000000002,107,107,-184251192.68390983,-181784180.14294642,-184044684.0548591,-158317614.79427466,-288916661.12601733,226678470.4228494,253829310.2414652,-285696400.3481684
0.00009000000000000002,0.000030000000000000024,0.00009000000000000002,0.00009000000000000002,107,107,-167047094.74027246,-132886373.75915381,-166840128.11933947,-174575562.91136774,-287932164.787341,225902937.31149584,252957687.260665,-284722916.9413587
0.00007000000000000002,0.000020000000000000025,0.00007000000000000002,0.00007000000000000002,107,107,-175342744.79713285,-186692889.02606907,-175071053.288858,-182755848.57312408,-287206099.03142947,225331160.55319494,252316617.61328128,-284004962.79349923
0.00005000000000000002,0.000020000000000000025,0.00005000000000000002,0.00007000000000000002,107,107,-184593537.81681526,-158825217.6765219,-184477998.05297992,-139315473.30976442,-286465047.26872337,224749537.0150078,251665186.29494074,-283272173.0180749
0.0011300000000000023,0.0005700000000000008,0.0011300000000000023,0.0011300000000000023,123,107,-193271840.00397778,-178388218.408188,-208839085.33499599,-216748960.0881905,-241152204.04992664,214734385.00186032,238146589.62111303,-238308404.40772137
0.0011600000000000024,0.0005800000000000009,0.0011600000000000024,0.0011600000000000024,124,106,-190019816.06782913,-176878418.70228225,-207378805.6946566,-215344250.35103416,-238588601.57821098,215787374.9602476,239029431.03155935,239089205.26545697
0.0011600000000000024,0.0005800000000000009,0.0011600000000000024,0.0011600000000000024,122,106,-192831485.58020663,-180583653.63309523,-208409848.08532625,-216273717.53174332,-241102679.83881855,214913415.82581773,238315864.7398304,238376116.74855602
0.0011800000000000024,0.0006000000000000009,0.0011800000000000024,0.0011800000000000024,122,104,-191083121.68557772,-175957091.15649107,-208798537.0458231,-216797713.3086566,-240523855.03809577,218061614.713739,241509411.4896945,241569706.67453614
0.0011900000000000025,0.000610000000000001,0.0011900000000000025,0.0011900000000000025,121,105,-192368208.45411456,-176804202.01845592,-207999958.2710698,-215817304.42778817,-241078269.30822915,215115146.9828754,238528463.8990439,238588745.39224532
0.0012000000000000025,0.000620000000000001,0.0012000000000000025,0.0012000000000000025,122,104,-191689427.06371516,-177332343.468328,-209167204.1235028,-217047249.04042503,-238682116.6808625,216399748.11532083,239682609.78763124,239742492.9748835
0.0012200000000000025,0.000620000000000001,0.0012200000000000025,0.0012200000000000025,120,104,-192443362.2786889,-180003148.23011273,-208085519.1530595,-215855422.76286057,-241104374.8065935,215372570.93705857,238784768.2836208,238845033.5670814
0.0012200000000000025,0.000640000000000001,0.0012200000000000025,0.0012200000000000025,120,104,-193890836.21334153,-178621647.9151836,-209468779.7062814,-217183142.4537456,-240270732.5009175,214638864.31002867,237994706.09900033,238054846.7689166
0.0012500000000000026,0.0006500000000000011,0.0012500000000000026,0.0012500000000000026,119,103,-192535789.53774524,-177671831.96284208,-208228685.4855996,-215950812.57482734,-241162140.37489125,215659246.77432558,239091330.28923485,239151648.65097457
0.0012700000000000027,0.0006500000000000011,0.0012700000000000027,0.0012700000000000027,119,103,-192157493.37087736,-181325219.07493272,-207700273.93497238,-215359309.52984634,-240191700.74893498,214789748.1097681,238116810.04382145,238176849.00393456
0.0012800000000000027,0.0006600000000000011,0.0012800000000000027,0.0012800000000000027,118,102,-193165123.47333246,-181928772.62742028,-208868573.04431012,-216542224.29834235,-241276886.7891146,216007954.20489895,239448949.4414361,239509278.09845176
0.0013000000000000028,0.0006800000000000011,0.0013000000000000028,0.0013000000000000028,118,102,-192703330.0800299,-180048203.11295563,-208294186.43759596,-215904711.78207138,-240312055.81705368,215138568.67753717,238492361.39620352,238552471.43381745
0.0013100000000000028,0.0006900000000000012,0.0013100000000000028,0.0013100000000000028,117,101,-193856130.90265036,-180988881.2436217,-209608881.58183414,-217233962.10459238,-241430699.97097674,216393351.14222234,239864747.37939736,239925156.62797758
0.0013300000000000028,0.0007100000000000012,0.0013300000000000028,0.0013300000000000028,117,101,-193563594.35743073,-179591659.23455358,-209201628.4305326,-216763372.3120567,-240483891.22593245,215540103.25394765,238926118.43485415,238986313.81174582
0.0013500000000000029,0.0007300000000000013,0.0013500000000000029,0.0013500000000000029,117,101,-193362097.04581696,-178462489.71019843,-208885391.8740402,-216384046.4044872,-239551410.55357957,214700345.9625105,238002317.26414448,238062302.13511255
0.001380000000000003,0.0007400000000000013,0.001380000000000003,0.001380000000000003,116,100,-192648362.9389085,-178730140.82680863,-208290936.85874057,-215797070.96438143,-240560136.00404334,215844878.01124176,239236426.6720737,239296624.37142786
0.001370000000000003,0.0007300000000000013,0.001370000000000003,0.001370000000000003,115,99,-193320746.75613642,-181125562.0826873,-209113452.73217466,-216633522.8024951,-239515759.84262407,215179369.41439956,238474451.7720307,238534393.69598603
0.001370000000000003,0.0007300000000000013,0.001370000000000003,0.001370000000000003,113,97,-193059097.04030016,-179152699.16891712,-209295045.03186062,-216904730.38466722,-240228129.8978234,216349417.70079747,239718891.44931152,239779006.00950828
0.001370000000000003,0.0007300000000000013,0.001370000000000003,0.001370000000000003,111,95,-192869711.80255204,-177221182.55009398,-209575335.16535023,-217280166.50860316,-240978339.7426068,217577776.796422,241025166.987666,241085462.06108618
0.001370000000000003,0.0007100000000000012,0.001370000000000003,0.001370000000000003,109,95,-193613566.99528125,-181669519.9689066,-208343712.2486806,-215934324.0547317,-241280690.54315367,214345243.35301596,237708886.8903192,-238438726.24672392
0.001370000000000003,0.0007100000000000012,0.001370000000000003,0.001370000000000003,109,93,-191932455.23567975,-180253811.1752722,-208954576.43632147,-216693633.05864814,-238290823.811819,215730479.39547223,238905250.3085745,238964809.5647967
0.001360000000000003,0.0007000000000000012,0.001360000000000003,0.001360000000000003,106,92,-193952536.3378884,-181648995.0682756,-209291055.9398371,-216999257.55495286,-240828242.3299858,214722631.18532982,238049446.96445498,238109460.22798735
0.001380000000000003,0.0007000000000000012,0.001380000000000003,0.001380000000000003,104,90,-191741895.06686798,-178185526.40670523,-207512194.02228773,-215316043.4507635,-241521712.1608854,215861251.88052654,239239448.25561705,239299557.53790063
0.001370000000000003,0.0006900000000000012,0.001370000000000003,0.001370000000000003,103,89,-192204374.3341722,-180180344.23961002,-208157184.53462896,-215984010.36716723,-240236128.00527096,215003042.97763684,238259844.27215964,238319631.3342863
0.001370000000000003,0.0006900000000000012,0.001370000000000003,0.001370000000000003,101,87,-191964778.79711685,-177713960.45836478,-208428732.57434905,-216364609.50687832,-241135076.72236744,216380352.5531152,239726010.6112307,239786002.66506365
0.001360000000000003,0.0006800000000000011,0.001360000000000003,0.001360000000000003,100,86,-192397004.08000553,-179647423.72313973,-209060045.20679513,-217021364.96676454,-239833523.43556765,215522079.45807272,238744556.4833234,238804220.89974618
0.001370000000000003,0.0006700000000000011,0.001370000000000003,0.001370000000000003,99,85,-190838652.45913163,-180358676.49671838,-207660238.52559128,-215640026.32546884,-238350903.3897095,214484142.76314837,237545230.78862193,237604452.44643527
0.001370000000000003,0.0006700000000000011,0.001370000000000003,0.001370000000000003,97,83,-190566418.22817004,-177618001.41536927,-207953601.8495587,-216051418.35841942,-239291786.80312932,215951278.97565213,239103510.52138597,239162939.25232118
0.001360000000000003,0.0006600000000000011,0.001360000000000003,0.001360000000000003,96,82,-190937168.81053874,-179480352.3028669,-208547156.18394068,-216673818.3582284,-237959813.39053816,215084972.9102409,238110308.73920697,238169398.78793994
0.001370000000000003,0.0006500000000000011,0.001370000000000003,0.001370000000000003,93,79,-190283639.97369274,-177617780.11591628,-208866498.46040246,-217217774.20128074,-241352457.6461891,219156660.02947193,242484006.24474162,242543804.91433427
0.001370000000000003,0.000630000000000001,0.001370000000000003,0.001370000000000003,93,79,-189339607.16957498,-183195435.41091773,-207718734.4507109,-215994794.3569293,-237443530.46075144,215619621.63067138,238550181.6397824,238608946.27083862
0.001360000000000003,0.000640000000000001,0.001360000000000003,0.001360000000000003,90,78,-191264318.34313512,-177906936.37432903,-207610592.45938885,-215855462.1310977,-240507551.78788745,214542767.11809057,237700581.5710122,237760037.8366829
0.001360000000000003,0.000620000000000001,0.001360000000000003,0.001360000000000003,88,76,-191307918.2252566,-180836354.01691765,-208223908.6733898,-216603937.7266912,-241678089.88840294,216228583.63820451,239474990.5730774,239534625.60600525
0.0013500000000000029,0.000630000000000001,0.0013500000000000029,0.0013500000000000029,87,75,-191329247.5914356,-176855947.23194107,-208491996.66486672,-216889303.1302521,-240313430.05905378,215346783.70419687,238482605.43169695,238541959.75035486
0.001360000000000003,0.000620000000000001,0.001360000000000003,0.001360000000000003,86,74,-189720905.61872497,-177731127.62320146,-207048085.80769765,-215454108.72323275,-238771078.62978294,214294166.36966985,237258927.01260075,237317808.6926869
0.001360000000000003,0.0006000000000000009,0.001360000000000003,0.001360000000000003,84,72,-189767294.5303773,-181115538.26009017,-207694575.69145745,-216228440.43240812,-240039345.74795178,216136439.4477795,239193816.3865722,239252879.52150738
0.0013500000000000029,0.0005900000000000009,0.0013500000000000029,0.0013500000000000029,83,71,-190043362.57658553,-183490073.84008753,-208205866.23733026,-216760416.04381388,-238692430.6226227,215302772.18326795,238228577.40244427,238287285.06701034
0.0013400000000000029,0.0006000000000000009,0.0013400000000000029,0.0013400000000000029,82,70,-189983591.7579013,-179076814.58733982,-208430307.87991926,-217006764.62337855,-237327224.9806739,214452511.93194222,237268737.1967125,237327166.23731583
0.001360000000000003,0.0005800000000000009,0.001360000000000003,0.001360000000000003,80,68,-188161354.52707392,-180970442.38595256,-207234949.13059577,-215942315.42534095,-238522635.66100442,216285193.3294849,239155788.64968434,239214271.7467603
0.0013500000000000029,0.0005700000000000008,0.0013500000000000029,0.0013500000000000029,79,67,-188393821.73735788,-183315370.20473245,-207736751.9217199,-216469287.75883183,-237184325.17922446,215490845.68755424,238228729.21425077,238286850.8443641
0.0013400000000000029,0.0005800000000000009,0.0013400000000000029,0.0013400000000000029,76,66,-190608165.67201224,-177355310.77493164,-207402896.2405341,-216083277.4191335,-241030154.7278319,214450581.42320916,237501057.1043905,-238190916.01290244
0.0013300000000000028,0.0005700000000000008,0.0013300000000000028,0.0013300000000000028,75,65,-190850463.8624062,-179556781.2163859,-207895335.65849262,-216601913.80389947,-239722450.1770345,213663229.3357897,236584587.54677707,-236896408.46479478
0.0013500000000000029,0.0005500000000000008,0.0013500000000000029,0.0013500000000000029,73,63,-189158921.26120582,-181287752.3928558,-206843943.28175533,-215696327.24271765,-241221124.93779075,215734922.6786223,238736383.2801415,238795220.8405389
0.0013400000000000029,0.0005600000000000008,0.0013400000000000029,0.0013400000000000029,72,62,-188999180.21751848,-176248495.98448148,-207006342.48490712,-215889880.54193208,-239919838.68934909,214974731.7862291,237870586.6580637,237929152.48549798
0.0013300000000000028,0.0005500000000000008,0.0013300000000000028,0.0013300000000000028,71,61,-189205540.4085258,-178394956.4970034,-207503264.78016847,-216418771.58701113,-238633093.19101474,214242534.38011596,237008769.68323007,237066979.6715736
0.0013500000000000029,0.0005300000000000007,0.0013500000000000029,0.0013500000000000029,69,59,-187600267.32140583,-179916352.37593615,-206639944.34911367,-215718186.17016461,-240306017.2320267,216570512.14986354,239420708.87988284,239479031.81803834
0.0013400000000000029,0.0005200000000000007,0.0013400000000000029,0.0013400000000000029,68,58,-187791658.50644574,-182187530.56230453,-207158947.72229317,-216274631.39062467,-239048169.51523557,215898716.30181387,238618528.804212,238676489.38663155
0.0013300000000000028,0.0005100000000000007,0.0013300000000000028,0.0013300000000000028,67,57,-187978498.76932353,-184513472.2347839,-207685725.53158772,-216840421.44205207,-237791163.2031635,215238150.56462532,237826871.60238826,237884466.8798375
0.0013200000000000028,0.0005200000000000007,0.0013200000000000028,0.0013200000000000028,66,56,-187724009.2976219,-178719198.18514392,-207830064.7813354,-217026050.6098094,-236516999.11084604,214565551.83840448,237051617.97706667,237108946.62152877
0.0013100000000000028,0.0005100000000000007,0.0013100000000000028,0.0013100000000000028,63,55,-190853468.79919204,-179184101.81467175,-207711539.13108358,-216851827.97318423,-241450037.27776662,213637776.15941542,236532648.61732936,-238614055.7551216
0.0013300000000000028,0.0004900000000000006,0.0013300000000000028,0.0013300000000000028,63,53,-186375676.82428512,-182271040.28892848,-207786021.00440222,-217217891.7065681,-237214636.4506799,216696820.784555,239137281.3518564,239194330.32068506
0.0013200000000000028,0.0004800000000000006,0.0013200000000000028,0.0013200000000000028,60,52,-189689243.6861141,-182662873.90754947,-207683085.3179883,-217061282.2456692,-242479481.82081264,215829963.86643493,238724989.68468696,-239624387.87352604
0.0013100000000000028,0.0004900000000000006,0.0013100000000000028,0.0013100000000000028,59,51,-189408736.8312278,-176218707.33800432,-207816094.7671788,-217245218.78151286,-241321726.9314509,215268116.96691844,238067036.39648807,-238477406.1875774
0.0013200000000000028,0.0004800000000000006,0.0013200000000000028,0.0013200000000000028,58,50,-187831150.7182567,-176460796.4406297,-206564067.39587194,-216032475.93798432,-239935579.2952364,214494582.4574402,237116523.10763106,237174171.02305076
0.0013100000000000028,0.0004700000000000006,0.0013100000000000028,0.0013100000000000028,57,49,-188015679.82737958,-178527313.7207037,-207150201.04418868,-216673428.5589973,-238808554.09621406,213993975.15748993,236490428.0198056,236547717.16848424
0.0013000000000000028,0.00046000000000000056,0.0013000000000000028,0.0013000000000000028,56,48,-188199997.89908525,-180644386.77897367,-207754517.78584057,-217335148.61048743,-237689924.97724354,213515931.30132857,235886261.62055364,235943188.4771157
0.0013400000000000029,0.0004400000000000005,0.0013400000000000029,0.0013400000000000029,54,46,-185414480.33617383,-179624071.46887502,-205964159.54313892,-215766863.26984093,-240063883.71434915,216663143.91426083,239102612.39276955,239159535.07339367
0.0013300000000000028,0.0004300000000000005,0.0013300000000000028,0.0013300000000000028,53,45,-185605616.14831576,-181817846.67679554,-206642674.83069304,-216513112.84412485,-239018355.9898493,216309662.40521356,238620564.51576582,238677107.90658435
0.0013200000000000028,0.00042000000000000045,0.0013200000000000028,0.0013200000000000028,52,44,-185799330.93615127,-184070986.1416936,-207348120.25126126,-217289655.9731206,-237986267.96760508,215988133.68430674,238169435.32374492,238225593.90162763
0.0013300000000000028,0.0004100000000000004,0.0013300000000000028,0.0013300000000000028,51,43,-184355770.04363024,-184357355.90112683,-206369694.27211347,-216369832.49623522,-236696012.890882,215415891.83255324,237403962.00066328,237459540.0343807
0.0013200000000000028,0.0004000000000000004,0.0013200000000000028,0.0013200000000000028,50,42,-184550001.68651813,-186701613.7293715,-207127426.52925694,-217205649.72708717,-235692037.73396313,215161451.10756436,237015963.669843,237071139.1818686
0.0013100000000000028,0.0004100000000000004,0.0013100000000000028,0.0013100000000000028,47,41,-188328025.74583343,-174976908.45385996,-206397694.05646443,-216423523.17288575,-242723158.00205472,214475468.98346615,237065007.41602182,-239876472.21584892
0.0013000000000000028,0.0004000000000000004,0.0013000000000000028,0.0013000000000000028,46,40,-188613352.3506009,-176883443.61993125,-207185113.6720716,-217294509.29958227,-241881211.97986513,214292535.78491184,236767771.58370307,-239041286.45164263
0.0013100000000000028,0.00039000000000000037,0.0013100000000000028,0.0013100000000000028,45,39,-187275737.00161546,-176670265.2154093,-206310753.57371807,-216491005.43383324,-240755672.26484388,213848162.06281427,236146830.13877457,-237926110.92416635
0.0013200000000000028,0.0003600000000000003,0.0013200000000000028,0.0013200000000000028,44,38,-186789781.66083258,-188983267.0619954,-206267627.8005709,-216521691.71867663,-239675830.1193109,213474610.86842418,235554965.40647683,-236856190.24587753
0.0013100000000000028,0.0003700000000000003,0.0013100000000000028,0.0013100000000000028,43,37,-186298604.72659943,-178367116.71586037,-206414218.35390297,-216766376.38993996,-238887499.7731069,213398376.82693014,235396766.23442167,-236073476.63135284
0.0013200000000000028,0.0003600000000000003,0.0013200000000000028,0.0013200000000000028,42,36,-185073955.7215418,-178087926.5660682,-205741908.84312782,-216177956.2675214,-237835894.35657355,213087698.05678567,234898429.17380473,-235031069.71497673
0.0013100000000000028,0.00035000000000000027,0.0013100000000000028,0.0013100000000000028,41,35,-185414085.2417821,-180067898.20246676,-206746126.6873377,-217290412.37820947,-237137252.44112813,213158027.33585632,234844138.81814736,234898761.90463454
0.0013200000000000028,0.00034000000000000024,0.0013200000000000028,0.0013200000000000028,40,34,-184262383.16820195,-179749557.66846633,-206220762.02701548,-216859584.98751056,-236148411.98242208,212959533.56001714,234448833.17246872,234502833.983002
0.0013300000000000028,0.0003300000000000002,0.0013300000000000028,0.0013300000000000028,39,33,-183173668.1683636,-179398394.34752998,-205799099.97594708,-216538120.8180044,-235193329.95129895,212821641.61197904,234107735.17670792,234161087.69211957
0.0013400000000000029,0.0003200000000000002,0.0013400000000000029,0.0013400000000000029,38,32,-182150888.52321547,-179014119.2906034,-205487859.37755352,-216333194.8629339,-234275193.14096114,212749970.02645263,233825628.61252344,233878303.57021528
0.0013300000000000028,0.00031000000000000016,0.0013300000000000028,0.0013300000000000028,35,31,-188731179.87049043,-175953657.05514964,-205618779.6342209,-216418321.68904534,-244097154.1077654,212429258.10154337,234672204.81821403,-241256519.2635229
0.0013400000000000029,0.00030000000000000014,0.0013400000000000029,0.0013400000000000029,34,30,-188014362.6080122,-175222572.9489411,-205494657.30581167,-216410535.85410255,-243473268.9582428,212487563.85163486,234566366.41966307,-240636966.39065886
0.0012700000000000027,0.00031000000000000016,0.0012700000000000027,0.0012700000000000027,33,30,-193203434.0682242,-173112361.92560595,-206594218.52838024,-217294038.514934,-243553539.21423337,207398654.17293033,229824928.41520593,-240744880.68520322
0.0012200000000000025,0.0003200000000000002,0.0012200000000000025,0.0012200000000000025,32,30,-197370341.4332582,-169096343.20281947,-206441785.4354133,-216898215.87461603,-243373034.78843325,201971289.4964993,224639555.46143413,-240596202.9787219
0.0011900000000000025,0.00031000000000000016,0.0011900000000000025,0.0011900000000000025,31,30,-201179790.12487426,-177231280.9003121,-205700975.97461754,-215891488.68371052,-242910341.67656487,196239284.31566897,219062136.71043816,-240169338.1089491
0.0011400000000000023,0.0003200000000000002,0.0011400000000000023,0.0011400000000000023,30,30,-206004749.27416098,-173180605.92052305,-205862569.59015965,-215802726.48638958,-243008098.52463254,190888195.24337113,213897312.87542903,-240297150.20664385
0.0010900000000000022,0.0003300000000000002,0.0010900000000000022,0.0010900000000000022,30,30,-207263211.71489027,-172460751.08098438,-207147631.1259514,-216939869.65402186,-236771570.9996829,185974961.77470517,208377333.97790176,-234130377.64359707
0.0010600000000000021,0.0003200000000000002,0.0010600000000000021,0.0010600000000000021,30,30,-207594522.92954412,-182684484.36421356,-207473750.0535141,-217100686.03556654,-230139525.66046157,180759751.9637895,202530939.17894894,-227572370.45685813
0.001020000000000002,0.00034000000000000024,0.001020000000000002,0.001020000000000002,30,30,-207860912.1633192,-173827415.7838523,-207781977.33666617,-217250182.94419965,-223762690.70043826,175738138.6906912,196889667.07183808,-221266842.60358247
0.001000000000000002,0.00034000000000000024,0.001000000000000002,0.001000000000000002,30,30,-206826535.0610214,-175529443.22962546,-206755024.24261528,-216048068.42556778,-217031477.78736383,170446507.9272734,190957033.75548843,-214610767.91937175
0.0009700000000000019,0.0003300000000000002,0.0009700000000000019,0.0009700000000000019,30,30,-207420036.25383157,-184897669.86143366,-207344787.7586734,-216471137.61966074,-210568191.32222575,165365091.20649964,185261340.10166195,-208219624.1436842
0.0009300000000000018,0.00035000000000000027,0.0009300000000000018,0.0009300000000000018,30,30,-208336803.68563688,-176379589.69395518,-208308073.95137125,-217273956.728718,-204346954.47328532,160467439.0189207,179761554.37235174,-202067931.66288543
0.0009100000000000017,0.00035000000000000027,0.0009100000000000017,0.0009100000000000017,30,30,-207503278.06414902,-177665082.35427862,-207483293.3225219,-216273205.0997,-197814422.86775866,155333035.67504454,174006206.1179897,-195608307.54886487
0.0008800000000000017,0.0003600000000000003,0.0008800000000000017,0.0008800000000000017,30,30,-207822354.43489754,-174376875.38099,-207831976.83168346,-216453126.24106908,-191532154.1321715,150392065.90065402,168463854.99888933,-189396197.7303625
0.0008600000000000016,0.0003600000000000003,0.0008600000000000016,0.0008600000000000016,30,30,-207115591.66955414,-175394123.6824646,-207134766.29924428,-215579729.89459062,-185147418.66020802,145374449.1454708,162840052.95572662,-183082712.31895703
0.0008300000000000015,0.00035000000000000027,0.0008300000000000015,0.0008300000000000015,30,30,-208300636.39637613,-183236007.35040504,-208319135.35747996,-216595591.27006754,-179008251.85080606,140549505.70059177,157432999.8641072,-177012052.49333563
0.0008000000000000014,0.0003600000000000003,0.0008000000000000014,0.0008000000000000014,30,30,-209100812.82110262,-179488328.50116882,-209151958.37396425,-217258807.49912903,-172934291.1526292,135773423.798824,152076855.0586358,-171005909.91777086
0.0007800000000000014,0.0003600000000000003,0.0007800000000000014,0.0007800000000000014,30,30,-208638698.58055344,-180064597.4297733,-208700770.2851947,-216631084.52151603,-166781281.7448055,130938767.56679243,146658878.49858057,-164921554.43701726
0.0007600000000000013,0.0003600000000000003,0.0007600000000000013,0.0007600000000000013,30,30,-208233170.53599346,-180499020.71353978,-208306481.3230181,-216060342.3482136,-160713113.30836165,126171011.135713,141316079.90548235,-158921090.4857502
0.0007300000000000013,0.0003700000000000003,0.0007300000000000013,0.0007300000000000013,30,30,-209554962.09366357,-176647874.3600875,-209664115.5070134,-217247920.28420794,-154870139.69251257,121577540.03537497,136166018.96334705,-153143341.6975577
0.0007100000000000012,0.0003700000000000003,0.0007100000000000012,0.0007100000000000012,30,30,-209358969.625747,-176803821.7707306,-209480465.54393283,-216887851.99341777,-148971033.5758145,116943175.72348969,130973270.04173304,-147310046.6727469
0.0006900000000000012,0.0003700000000000003,0.0006900000000000012,0.0006900000000000012,30,30,-209237026.34563228,-176814114.6115752,-209371231.5086216,-216602312.79237312,-143161980.52787963,112379780.21494505,125860233.27101001,-141565797.44790545
0.0006700000000000011,0.0003700000000000003,0.0006700000000000011,0.0006700000000000011,30,30,-209194674.24610308,-176676722.1460345,-209341970.45743746,-216396869.44072568,-137444727.0793678,107888717.13659367,120828428.91774118,-135912321.17102823
0.0006500000000000011,0.0003700000000000003,0.0006500000000000011,0.0006500000000000011,30,30,-209240149.82120714,-176390931.84035733,-209400937.85591045,-216279868.08122858,-131821003.851156,103471337.48730423,115879362.89820418,-130351329.25987315
0.000630000000000001,0.0003700000000000003,0.000630000000000001,0.000630000000000001,30,30,-209380593.87989908,-175954817.04223698,-209555294.64637363,-216258481.59180626,-126292523.77410574,99128978.24553,111014525.22429965,-124884515.64151146
0.000610000000000001,0.0003700000000000003,0.000610000000000001,0.000610000000000001,30,30,-209623982.99295023,-175366388.59754506,-209813040.3285852,-216340719.01865265,-120861020.28293753,94862992.35257508,106235423.58691345,-119513594.52032802
0.0005900000000000009,0.0003700000000000003,0.0005900000000000009,0.0005900000000000009,30,30,-209979339.57265574,-174623632.28484896,-210183223.57531965,-216535638.6289756,-115528248.81838188,90674749.89251828,101543584.68061721,-114240301.86339997
0.0005700000000000008,0.00035000000000000027,0.0005700000000000008,0.0005700000000000008,30,30,-210788588.28650948,-184136903.03114274,-210971636.89890656,-217149540.7603859,-110298849.0703525,86569623.69360691,96946605.0014002,-109069204.7268294
0.0005600000000000008,0.0003600000000000003,0.0005600000000000008,0.0005600000000000008,30,30,-208398326.64852113,-176622143.74006486,-208603967.11658835,-214601853.55920708,-105074504.70039515,82467146.73121835,92350918.24651931,-103903125.3365564
0.0005400000000000008,0.0003600000000000003,0.0005400000000000008,0.0005400000000000008,30,30,-209003950.41156718,-175373712.46546996,-209225251.10215515,-215049041.7785238,-100053147.1867101,78523944.74396975,87933914.03294101,-98937768.24681632
0.0005200000000000007,0.0003600000000000003,0.0005200000000000007,0.0005200000000000007,30,30,-209761445.89280483,-173961857.11491773,-209998972.25052035,-215649061.75171962,-95137376.50716119,74663835.86338565,83610135.71704796,-94076818.37686798
0.0005000000000000007,0.00034000000000000024,0.0005000000000000007,0.0005000000000000007,30,30,-210970009.02907217,-182891550.6495059,-211187548.25666288,-216664763.36527747,-90331355.46426235,70891505.97168906,79385900.23974827,-89324376.3272557
0.0004900000000000006,0.00035000000000000027,0.0004900000000000006,0.0004900000000000006,30,30,-208548394.82257277,-174682936.03886917,-208788723.56329975,-214088365.10447592,-85556242.75512667,67142360.03784776,75186523.45257248,-84602511.75329648
0.0004700000000000006,0.0003300000000000002,0.0004700000000000006,0.0004700000000000006,30,30,-209924968.0817223,-183521676.05248985,-210145747.88368067,-215273617.97403184,-80974136.86170904,63545944.71503344,71159300.54712516,-80071487.37264594
0.00045000000000000053,0.0003300000000000002,0.00045000000000000053,0.00045000000000000053,30,30,-211234998.2588667,-181221613.02364686,-211473334.16970453,-216429610.43925732,-76502157.32574184,60034810.89077327,67226696.46358997,-75649374.55873881
0.0004400000000000005,0.0003200000000000002,0.0004400000000000005,0.0004400000000000005,30,30,-209026689.53467417,-183488152.407994,-209251099.67466196,-214032568.22441873,-72083095.55195332,56566711.87583936,63343150.92855778,-71279574.4345957
0.00042000000000000045,0.0003200000000000002,0.00042000000000000045,0.00042000000000000045,30,30,-210580733.3713142,-180743833.4851396,-210823175.2060707,-215434392.56786114,-67844792.13649933,53239266.30848904,59616421.722053885,-67088529.76044372
0.0004000000000000004,0.0003200000000000002,0.0004000000000000004,0.0004000000000000004,30,30,-212417232.79126188,-177808664.51723567,-212678549.35660943,-217120126.31734508,-63723873.02279856,50004118.63115109,55993182.07549683,-63013558.87988394
0.00039000000000000037,0.00031000000000000016,0.00039000000000000037,0.00039000000000000037,30,30,-210136826.29000095,-179504498.648059,-210383810.90595838,-214653213.7435523,-59671966.49451906,46824390.203357354,52432614.36350826,-59006819.25066582
0.0003700000000000003,0.00031000000000000016,0.0003700000000000003,0.0003700000000000003,30,30,-212317774.8378435,-176092286.07828844,-212584268.36344668,-216685854.81172562,-55794080.53662646,43780231.7379879,49023394.154554196,-55172169.70404207
0.0003600000000000003,0.00030000000000000014,0.0003600000000000003,0.0003600000000000003,30,30,-209961152.41083565,-177435537.9326305,-210213173.06548873,-214144714.75781298,-51994992.020865485,40799015.37787872,45685141.64429116,-51415428.99089324
0.00034000000000000024,0.00030000000000000014,0.00034000000000000024,0.00034000000000000024,30,30,-212552208.08568794,-173511432.45518813,-212824460.60961467,-216590037.31409323,-48365879.19412717,37950323.644535586,42494936.51278069,-47826777.05659044
0.0003300000000000002,0.0002900000000000001,0.0003300000000000002,0.0003300000000000002,30,30,-210106580.6333967,-174446469.45910907,-210364168.9506841,-213961846.0613144,-44824901.36247178,35171755.400447644,39383624.97969041,-44325269.0823626
0.00031000000000000016,0.00027000000000000006,0.00031000000000000016,0.00031000000000000016,30,30,-213396142.8237325,-182749353.89256212,-213636833.2937638,-217070969.65834054,-41451444.23500286,32524553.180581346,36419410.65704447,-40989415.09805801
0.00030000000000000014,0.00026000000000000003,0.00030000000000000014,0.00030000000000000014,30,30,-210870835.4302698,-183748222.084133,-211097236.47501868,-214366256.99455097,-38173254.112309195,29952231.65434919,33539046.45522412,-37747765.36728536
0.0002900000000000001,0.00025,0.0002900000000000001,0.0002900000000000001,30,30,-208216412.98875514,-184644017.8496071,-208428738.08040032,-211534114.3918979,-35029436.13584151,27485363.85009187,30776765.059640106,-34638989.89823123
0.00027000000000000006,0.00025,0.00027000000000000006,0.00027000000000000006,30,30,-211990801.8389457,-178739977.41974288,-212224105.99222443,-215169558.95187455,-32046848.20789498,25144450.510659233,28155319.441179115,-31689652.242990725
0.00026000000000000003,0.00024,0.00026000000000000003,0.00026000000000000003,30,30,-209221025.18826023,-179039741.727192,-209440000.93472055,-212224616.66310737,-29172172.47965087,22888852.041907754,25629624.72807434,-28847018.393265825
0.00024,0.00024,0.00024,0.00024,30,30,-213873573.48982522,-172423008.34297884,-214114764.30932516,-216742483.77902508,-26455803.563514274,20757007.3777444,23242376.083050076,-26160930.64252522
0.00023,0.00023,0.00023,0.00023,30,30,-211029791.67016664,-172056675.51724467,-211256409.3564375,-213727058.54410037,-23853643.03447121,18715308.156437196,20956207.259745564,-23587773.91147294
0.00022,0.00022,0.00022,0.00022,30,30,-207995723.20538688,-171469401.45221147,-208207967.09213784,-210523491.277319,-21389662.30736746,16782037.647965625,18791450.838149384,-21151256.750632875
0.0002,0.0002,0.0002,0.0002,30,30,-214133476.15809458,-179995455.74895895,-214331586.15640637,-216495684.04172012,-19079945.408351958,14969768.18935353,16762181.644635227,-18867284.245534033
0.00019,0.00019,0.00019,0.00019,30,30,-210988721.3458095,-179238538.0307967,-211172849.512436,-213185564.5131006,-16891926.234359253,13253044.30581729,14839902.112119388,-16703652.600362282
0.00018,0.00018,0.00018,0.00018,30,30,-207629203.50668955,-178224518.31427425,-207799614.95351395,-209663632.86365393,-14843279.187196665,11645680.431551436,13040077.551338641,-14677839.590059564
0.00017,0.00017,0.00017,0.00017,30,30,-204011933.68739393,-176910483.2070422,-204168892.36483037,-205886894.12121996,-12933665.515737984,10147409.550222166,11362408.902720954,-12789510.247808395
0.00015000000000000001,0.00015000000000000001,0.00015000000000000001,0.00015000000000000001,30,30,-212598590.3949327,-187738369.68333945,-212742387.26771763,-214318297.0697847,-11171702.88530773,8764965.253613157,9814434.281785911,-11047186.38232789
0.00014000000000000001,0.00014000000000000001,0.00014000000000000001,0.00014000000000000001,30,30,-208951532.7502707,-186312525.39542848,-209082396.09456,-210517493.33964163,-9537776.361708209,7483013.676418657,8378987.295085648,-9431471.292976642
0.00013000000000000002,0.00013000000000000002,0.00013000000000000002,0.00013000000000000002,30,30,-204898434.46484524,-184438962.47380373,-205016622.53310475,-206313550.83251494,-8041977.019104681,6309440.17378459,7064895.469185146,-7952343.80475757
0.00012,0.00012,0.00012,0.00012,30,30,-200577058.77498356,-182234865.34118658,-200682947.93126905,-201845655.3182302,-6683203.32005039,5243379.3669745065,5871189.740346759,-6608714.665671045
0.0001,0.0001,0.0001,0.0001,30,30,-214685516.95925334,-198385785.1363117,-214779499.22167113,-215812724.58242655,-5463869.995721181,4286711.9239661675,4799975.076192714,-5402971.790316737
0.0001,0.0001,0.0001,0.0001,30,30,-190774356.34150743,-176481163.91080907,-190856766.13727012,-191762798.48623702,-4369179.115857188,3427865.0161862373,3838295.356276717,-4320481.920728329
0.0001,0.0001,0.0001,0.0001,30,30,-167128498.20088807,-154777503.48690903,-167199707.3327886,-167982625.3075662,-3407435.1197103127,2673322.6562436777,2993408.953471345,-3369457.157808732
0.0001,0.0001,0.0001,0.0001,30,30,-143747197.1375928,-133274694.67007132,-143807573.7000808,-144471415.60603195,-2576351.2726350473,2021290.716948046,2263306.9198369314,-2547636.2543744952
0.0001,0.0001,0.0001,0.0001,30,30,-121179209.86746056,-112477368.03655969,-121229376.30372328,-121780977.55532838,-1871948.554336454,1468647.3805257673,1644493.6479127645,-1851084.5391455644
0.0001,0.0001,0.0001,0.0001,30,30,-99432756.1396585,-92394727.51609568,-99473329.1513254,-99919462.77047075,-1288515.187187951,1010911.3875552213,1131951.3180642785,-1274153.8961362552
0.0001,0.0001,0.0001,0.0001,30,30,-78513738.27518252,-73033868.67356943,-78545327.61796921,-78892690.98171058,-820276.5831047283,643552.2035939151,720606.9359736337,-811134.0989408281
0.0001,0.0001,0.0001,0.0001,30,30,-58428267.22841218,-54402095.9375191,-58451475.711782806,-58706690.53784201,-461401.355340545,361994.73580931366,405337.614012078,-456258.7555248099
0.0001,0.0001,0.0001,0.0001,30,30,-39182670.68112254,-36506930.69419849,-39198094.1679524,-39367706.50021032,-205999.511185724,161617.9150926863,180968.98358817282,-203703.52106618372
0.0001,0.0001,0.0001,0.0001,30,30,-19709182.79565056,-18375453.042971585,-19716870.39320494,-19801414.087516073,-51754.69177013913,40604.3869285295,45466.08926976768,-51177.85423507126
